sal_code,suburb,car_share_bays_count,libraries_count,mobility_parking_count,sports_facilities_count,total_facilities,facilities_score
13714,Surry Hills,140,1,29,5,175,49.20289855072464
11645,Glebe,46,1,69,7,123,58.285714285714285
13352,Redfern,71,0,29,5,105,34.27432712215321
11213,Darlinghurst,88,0,12,0,100,8.024844720496896
13297,Pyrmont,54,1,8,3,66,30.01656314699793
11442,Erskineville,38,0,22,4,64,25.902691511387165
12969,Newtown,43,1,17,1,62,20.5351966873706
14542,Zetland,41,1,14,5,61,39.957556935817806
14201,Waterloo,43,1,11,4,59,34.665631469979296
14024,Ultimo,38,1,9,2,50,24.018633540372672
10030,Alexandria,30,0,12,6,48,33.881987577639755
14424,Woolloomooloo,35,0,5,3,43,18.22463768115942
13730,Sydney,11,2,22,5,40,48.97412008281573
13268,Potts Point,33,1,2,1,37,17.646997929606627
10780,Camperdown,25,0,11,1,37,8.379917184265011
10906,Chippendale,30,0,4,0,34,2.7225672877846794
11215,Darlington,17,0,14,0,31,3.2432712215320914
13419,Rosebery,17,0,9,3,29,17.518633540372672
11398,Elizabeth Bay,23,0,6,0,29,2.5124223602484475
13126,Paddington,17,0,10,0,27,2.663561076604555
11884,Haymarket,14,1,10,0,25,12.44927536231884
12630,Millers Point,20,0,3,2,25,11.863354037267081
11549,Forest Lodge,16,0,5,0,21,1.8674948240165634
13459,Rushcutters Bay,13,0,4,2,19,11.508281573498966
11224,Dawes Point,5,0,6,0,11,1.2267080745341614
13856,The Rocks,4,0,4,1,9,5.865424430641822
10239,Beaconsfield,3,0,4,1,8,5.7939958592132506
10872,Centennial Park,2,0,3,1,6,5.577639751552796
11474,Eveleigh,5,0,1,0,6,0.5020703933747412
12722,Moore Park,2,0,0,3,5,15.142857142857142
10062,Annandale,0,0,3,2,5,10.434782608695652
10192,Barangaroo,1,0,0,1,2,5.071428571428571
10462,Bondi,1,0,0,0,1,0.07142857142857144
10003,Abbotsford,1,0,0,0,1,0.07142857142857144
13659,St Peters,0,0,1,0,1,0.14492753623188406
13011,North Parramatta,0,0,0,0,0,0.0
13009,North Narrabeen,0,0,0,0,0,0.0
13019,North Strathfield,0,0,0,0,0,0.0
13023,North Turramurra,0,0,0,0,0,0.0
13013,North Rocks,0,0,0,0,0,0.0
13020,North Sydney,0,0,0,0,0,0.0
13003,North Kellyville,0,0,0,0,0,0.0
13015,North Ryde,0,0,0,0,0,0.0
13017,North St Marys,0,0,0,0,0,0.0
13007,North Manly,0,0,0,0,0,0.0
12316,Lethbridge Park,0,0,0,0,0,0.0
13000,North Epping,0,0,0,0,0,0.0
12962,Newington,0,0,0,0,0,0.0
12908,Naremburn,0,0,0,0,0,0.0
12911,Narrabeen,0,0,0,0,0,0.0
12919,Narraweena,0,0,0,0,0,0.0
12921,Narwee,0,0,0,0,0,0.0
12931,Nelson,0,0,0,0,0,0.0
12943,Neutral Bay,0,0,0,0,0,0.0
12965,Newport,0,0,0,0,0,0.0
12294,Lavender Bay,0,0,0,0,0,0.0
12303,Leets Vale,0,0,0,0,0,0.0
12977,Nirimba Fields,0,0,0,0,0,0.0
12986,Normanhurst,0,0,0,0,0,0.0
12991,North Balgowlah,0,0,0,0,0,0.0
12994,North Bondi,0,0,0,0,0,0.0
13025,North Wahroonga,0,0,0,0,0,0.0
12998,North Curl Curl,0,0,0,0,0,0.0
13026,North Willoughby,0,0,0,0,0,0.0
12290,Laughtondale,0,0,0,0,0,0.0
13194,Pennant Hills,0,0,0,0,0,0.0
13164,Parklea,0,0,0,0,0,0.0
13167,Parramatta,0,0,0,0,0,0.0
13179,Peakhurst,0,0,0,0,0,0.0
12281,Lansdowne,0,0,0,0,0,0.0
13180,Peakhurst Heights,0,0,0,0,0,0.0
13192,Pemulwuy,0,0,0,0,0,0.0
13193,Pendle Hill,0,0,0,0,0,0.0
13195,Penrith,0,0,0,0,0,0.0
13143,Palm Beach,0,0,0,0,0,0.0
13197,Penshurst,0,0,0,0,0,0.0
12277,Lane Cove West,0,0,0,0,0,0.0
13202,Petersham,0,0,0,0,0,0.0
13205,Phillip Bay,0,0,0,0,0,0.0
13211,Picnic Point,0,0,0,0,0,0.0
13241,Pleasure Point,0,0,0,0,0,0.0
12276,Lane Cove North,0,0,0,0,0,0.0
13155,Panania,0,0,0,0,0,0.0
13136,Pagewood,0,0,0,0,0,0.0
12906,Narellan,0,0,0,0,0,0.0
13088,Old Guildford,0,0,0,0,0,0.0
13032,Northbridge,0,0,0,0,0,0.0
13033,Northmead,0,0,0,0,0,0.0
13034,Northwood,0,0,0,0,0,0.0
13036,Norwest,0,0,0,0,0,0.0
13069,Oakhurst,0,0,0,0,0,0.0
13074,Oatlands,0,0,0,0,0,0.0
13075,Oatley,0,0,0,0,0,0.0
13092,Old Toongabbie,0,0,0,0,0,0.0
13132,Padstow Heights,0,0,0,0,0,0.0
13102,Oran Park,0,0,0,0,0,0.0
13106,Orchard Hills,0,0,0,0,0,0.0
13117,Oxford Falls,0,0,0,0,0,0.0
13121,Oxley Park,0,0,0,0,0,0.0
13123,Oyster Bay,0,0,0,0,0,0.0
13131,Padstow,0,0,0,0,0,0.0
12284,Lansvale,0,0,0,0,0,0.0
12907,Narellan Vale,0,0,0,0,0,0.0
12785,Mount Lewis,0,0,0,0,0,0.0
12825,Mulgoa,0,0,0,0,0,0.0
12428,Luddenham,0,0,0,0,0,0.0
12431,Lurnea,0,0,0,0,0,0.0
12442,Macquarie Fields,0,0,0,0,0,0.0
12444,Macquarie Links,0,0,0,0,0,0.0
12446,Macquarie Park,0,0,0,0,0,0.0
12452,Maianbar,0,0,0,0,0,0.0
12462,Malabar,0,0,0,0,0,0.0
12485,Manly,0,0,0,0,0,0.0
12486,Manly Vale,0,0,0,0,0,0.0
12314,Leppington,0,0,0,0,0,0.0
12494,Maraylya,0,0,0,0,0,0.0
12495,Marayong,0,0,0,0,0,0.0
12510,Maroota,0,0,0,0,0,0.0
12511,Maroubra,0,0,0,0,0,0.0
12514,Marrickville,0,0,0,0,0,0.0
12515,Marsden Park,0,0,0,0,0,0.0
12430,Lugarno,0,0,0,0,0,0.0
12426,Lucas Heights,0,0,0,0,0,0.0
12529,Mascot,0,0,0,0,0,0.0
12421,Lower Portland,0,0,0,0,0,0.0
12322,Lewisham,0,0,0,0,0,0.0
12324,Liberty Grove,0,0,0,0,0,0.0
12325,Lidcombe,0,0,0,0,0,0.0
12331,Lilli Pilli,0,0,0,0,0,0.0
12334,Lilyfield,0,0,0,0,0,0.0
12348,Lindfield,0,0,0,0,0,0.0
12350,Linley Point,0,0,0,0,0,0.0
12358,Little Bay,0,0,0,0,0,0.0
12370,Liverpool,0,0,0,0,0,0.0
12372,Llandilo,0,0,0,0,0,0.0
12380,Loftus,0,0,0,0,0,0.0
12384,Londonderry,0,0,0,0,0,0.0
12390,Long Point,0,0,0,0,0,0.0
12394,Longueville,0,0,0,0,0,0.0
12406,Lovett Bay,0,0,0,0,0,0.0
12516,Marsfield,0,0,0,0,0,0.0
12534,Matraville,0,0,0,0,0,0.0
12807,Mount Vernon,0,0,0,0,0,0.0
12653,Minto,0,0,0,0,0,0.0
12310,Len Waters Estate,0,0,0,0,0,0.0
12656,Miranda,0,0,0,0,0,0.0
12683,Mona Vale,0,0,0,0,0,0.0
12306,Leichhardt,0,0,0,0,0,0.0
12697,Monterey,0,0,0,0,0,0.0
12723,Moorebank,0,0,0,0,0,0.0
12739,Mortdale,0,0,0,0,0,0.0
12740,Mortlake,0,0,0,0,0,0.0
12749,Mosman,0,0,0,0,0,0.0
12756,Mount Annan,0,0,0,0,0,0.0
12761,Mount Colah,0,0,0,0,0,0.0
12767,Mount Druitt,0,0,0,0,0,0.0
12783,Mount Kuring-Gai,0,0,0,0,0,0.0
12317,Leumeah,0,0,0,0,0,0.0
12796,Mount Pritchard,0,0,0,0,0,0.0
12654,Minto Heights,0,0,0,0,0,0.0
12644,Minchinbury,0,0,0,0,0,0.0
12548,Mays Hill,0,0,0,0,0,0.0
12640,Milsons Point,0,0,0,0,0,0.0
12557,Mcmahons Point,0,0,0,0,0,0.0
12560,Meadowbank,0,0,0,0,0,0.0
12573,Melonba,0,0,0,0,0,0.0
12313,Leonay,0,0,0,0,0,0.0
12574,Melrose Park,0,0,0,0,0,0.0
12578,Menai,0,0,0,0,0,0.0
12580,Menangle Park,0,0,0,0,0,0.0
12599,Merrylands,0,0,0,0,0,0.0
12600,Merrylands West,0,0,0,0,0,0.0
12613,Middle Cove,0,0,0,0,0,0.0
12614,Middle Dural,0,0,0,0,0,0.0
12618,Middleton Grange,0,0,0,0,0,0.0
12628,Miller,0,0,0,0,0,0.0
12636,Milperra,0,0,0,0,0,0.0
12639,Milsons Passage,0,0,0,0,0,0.0
12736,Morning Bay,0,0,0,0,0,0.0
13286,Punchbowl,0,0,0,0,0,0.0
13242,Plumpton,0,0,0,0,0,0.0
14107,Wakeley,0,0,0,0,0,0.0
14088,Varroville,0,0,0,0,0,0.0
14089,Vaucluse,0,0,0,0,0,0.0
14092,Villawood,0,0,0,0,0,0.0
14094,Vineyard,0,0,0,0,0,0.0
14097,Voyager Point,0,0,0,0,0,0.0
14103,Wahroonga,0,0,0,0,0,0.0
14104,Waitara,0,0,0,0,0,0.0
14119,Wallacia,0,0,0,0,0,0.0
13998,Turramurra,0,0,0,0,0,0.0
14166,Wareemba,0,0,0,0,0,0.0
14183,Warrawee,0,0,0,0,0,0.0
14191,Warriewood,0,0,0,0,0,0.0
14195,Warwick Farm,0,0,0,0,0,0.0
14200,Waterfall,0,0,0,0,0,0.0
14205,Watsons Bay,0,0,0,0,0,0.0
14210,Wattle Grove,0,0,0,0,0,0.0
14000,Turrella,0,0,0,0,0,0.0
13952,Tregear,0,0,0,0,0,0.0
13665,Stanmore,0,0,0,0,0,0.0
13747,Tallawong,0,0,0,0,0,0.0
13691,Strathfield South,0,0,0,0,0,0.0
13702,Summer Hill,0,0,0,0,0,0.0
13716,Sutherland,0,0,0,0,0,0.0
13729,Sydenham,0,0,0,0,0,0.0
13731,Sydney Olympic Park,0,0,0,0,0,0.0
13732,Sylvania,0,0,0,0,0,0.0
13733,Sylvania Waters,0,0,0,0,0,0.0
13757,Tamarama,0,0,0,0,0,0.0
13925,Toongabbie,0,0,0,0,0,0.0
13781,Taren Point,0,0,0,0,0,0.0
13797,Telopea,0,0,0,0,0,0.0
13800,Tempe,0,0,0,0,0,0.0
13805,Tennyson Point,0,0,0,0,0,0.0
13819,Terrey Hills,0,0,0,0,0,0.0
13851,The Ponds,0,0,0,0,0,0.0
13866,Thornleigh,0,0,0,0,0,0.0
14217,Waverley,0,0,0,0,0,0.0
14219,Waverton,0,0,0,0,0,0.0
14226,Wedderburn,0,0,0,0,0,0.0
14428,Woolooware,0,0,0,0,0,0.0
14362,Wisemans Ferry,0,0,0,0,0,0.0
14371,Wolli Creek,0,0,0,0,0,0.0
14377,Wollstonecraft,0,0,0,0,0,0.0
14396,Woodbine,0,0,0,0,0,0.0
14399,Woodcroft,0,0,0,0,0,0.0
14408,Woodpark,0,0,0,0,0,0.0
14422,Woollahra,0,0,0,0,0,0.0
14430,Woolwich,0,0,0,0,0,0.0
14244,Wentworth Point,0,0,0,0,0,0.0
14438,Woronora,0,0,0,0,0,0.0
14439,Woronora Dam,0,0,0,0,0,0.0
14440,Woronora Heights,0,0,0,0,0,0.0
14471,Yagoona,0,0,0,0,0,0.0
14503,Yarrawarrah,0,0,0,0,0,0.0
14524,Yennora,0,0,0,0,0,0.0
14537,Yowie Bay,0,0,0,0,0,0.0
14353,Winston Hills,0,0,0,0,0,0.0
14321,Willoughby East,0,0,0,0,0,0.0
14320,Willoughby,0,0,0,0,0,0.0
14319,Willmot,0,0,0,0,0,0.0
14245,Wentworthville,0,0,0,0,0,0.0
14252,Werrington,0,0,0,0,0,0.0
14253,Werrington County,0,0,0,0,0,0.0
14254,Werrington Downs,0,0,0,0,0,0.0
14263,West Hoxton,0,0,0,0,0,0.0
14266,West Pennant Hills,0,0,0,0,0,0.0
14267,West Pymble,0,0,0,0,0,0.0
14268,West Ryde,0,0,0,0,0,0.0
14277,Westleigh,0,0,0,0,0,0.0
14278,Westmead,0,0,0,0,0,0.0
14281,Wetherill Park,0,0,0,0,0,0.0
14283,Whalan,0,0,0,0,0,0.0
14284,Whale Beach,0,0,0,0,0,0.0
14285,Wheeler Heights,0,0,0,0,0,0.0
14310,Wiley Park,0,0,0,0,0,0.0
13690,Strathfield,0,0,0,0,0,0.0
13664,Stanhope Gardens,0,0,0,0,0,0.0
13245,Point Piper,0,0,0,0,0,0.0
13409,Rookwood,0,0,0,0,0,0.0
13372,Rhodes,0,0,0,0,0,0.0
13373,Richards,0,0,0,0,0,0.0
13383,Riverstone,0,0,0,0,0,0.0
13385,Riverview,0,0,0,0,0,0.0
13386,Riverwood,0,0,0,0,0,0.0
13394,Rockdale,0,0,0,0,0,0.0
13406,Rodd Point,0,0,0,0,0,0.0
13410,Rooty Hill,0,0,0,0,0,0.0
13369,Revesby,0,0,0,0,0,0.0
13411,Ropes Crossing,0,0,0,0,0,0.0
13412,Rose Bay,0,0,0,0,0,0.0
13422,Rosehill,0,0,0,0,0,0.0
13423,Roselands,0,0,0,0,0,0.0
13424,Rosemeadow,0,0,0,0,0,0.0
13426,Roseville,0,0,0,0,0,0.0
13427,Roseville Chase,0,0,0,0,0,0.0
13370,Revesby Heights,0,0,0,0,0,0.0
13359,Regentville,0,0,0,0,0,0.0
13658,St Marys,0,0,0,0,0,0.0
13290,Putney,0,0,0,0,0,0.0
13255,Port Botany,0,0,0,0,0,0.0
13256,Port Hacking,0,0,0,0,0,0.0
13267,Potts Hill,0,0,0,0,0,0.0
13270,Prairiewood,0,0,0,0,0,0.0
13272,Prestons,0,0,0,0,0,0.0
13278,Prospect,0,0,0,0,0,0.0
12270,Lalor Park,0,0,0,0,0,0.0
13294,Pymble,0,0,0,0,0,0.0
13358,Regents Park,0,0,0,0,0,0.0
13299,Quakers Hill,0,0,0,0,0,0.0
13307,Queens Park,0,0,0,0,0,0.0
13309,Queenscliff,0,0,0,0,0,0.0
13316,Raby,0,0,0,0,0,0.0
13322,Ramsgate,0,0,0,0,0,0.0
13323,Ramsgate Beach,0,0,0,0,0,0.0
13325,Randwick,0,0,0,0,0,0.0
13434,Rossmore,0,0,0,0,0,0.0
13444,Rouse Hill,0,0,0,0,0,0.0
13448,Royal National Park,0,0,0,0,0,0.0
13615,South Wentworthville,0,0,0,0,0,0.0
13575,Smithfield,0,0,0,0,0,0.0
13595,South Coogee,0,0,0,0,0,0.0
13599,South Granville,0,0,0,0,0,0.0
13603,South Hurstville,0,0,0,0,0,0.0
13608,South Maroota,0,0,0,0,0,0.0
13612,South Penrith,0,0,0,0,0,0.0
13614,South Turramurra,0,0,0,0,0,0.0
13628,Spring Farm,0,0,0,0,0,0.0
13450,Rozelle,0,0,0,0,0,0.0
13646,St Andrews,0,0,0,0,0,0.0
13647,St Clair,0,0,0,0,0,0.0
13652,St Helens Park,0,0,0,0,0,0.0
13654,St Ives,0,0,0,0,0,0.0
13655,St Ives Chase,0,0,0,0,0,0.0
13656,St Johns Park,0,0,0,0,0,0.0
13657,St Leonards,0,0,0,0,0,0.0
13573,Smeaton Grange,0,0,0,0,0,0.0
13567,Singletons Mill,0,0,0,0,0,0.0
13562,Silverwater,0,0,0,0,0,0.0
13539,Shanes Park,0,0,0,0,0,0.0
13458,Ruse,0,0,0,0,0,0.0
13462,Russell Lea,0,0,0,0,0,0.0
13468,Rydalmere,0,0,0,0,0,0.0
13469,Ryde,0,0,0,0,0,0.0
13474,Sackville North,0,0,0,0,0,0.0
13476,Sadleir,0,0,0,0,0,0.0
13493,Sandringham,0,0,0,0,0,0.0
13502,Sandy Point,0,0,0,0,0,0.0
13504,Sans Souci,0,0,0,0,0,0.0
13517,Schofields,0,0,0,0,0,0.0
13520,Scotland Island,0,0,0,0,0,0.0
13524,Seaforth,0,0,0,0,0,0.0
13531,Sefton,0,0,0,0,0,0.0
13533,Seven Hills,0,0,0,0,0,0.0
13538,Shalvey,0,0,0,0,0,0.0
12275,Lane Cove,0,0,0,0,0,0.0
10002,Abbotsbury,0,0,0,0,0,0.0
12266,Lakemba,0,0,0,0,0,0.0
10818,Carlton,0,0,0,0,0,0.0
10790,Canley Heights,0,0,0,0,0,0.0
10791,Canley Vale,0,0,0,0,0,0.0
10793,Canoelands,0,0,0,0,0,0.0
10796,Canterbury,0,0,0,0,0,0.0
10814,Caringbah,0,0,0,0,0,0.0
10815,Caringbah South,0,0,0,0,0,0.0
10817,Carlingford,0,0,0,0,0,0.0
10819,Carnes Hill,0,0,0,0,0,0.0
10781,Campsie,0,0,0,0,0,0.0
10825,Carramar,0,0,0,0,0,0.0
10836,Carss Park,0,0,0,0,0,0.0
10837,Cartwright,0,0,0,0,0,0.0
10844,Castle Cove,0,0,0,0,0,0.0
10846,Castle Hill,0,0,0,0,0,0.0
10848,Castlecrag,0,0,0,0,0,0.0
10849,Castlereagh,0,0,0,0,0,0.0
10784,Canada Bay,0,0,0,0,0,0.0
10779,Campbelltown,0,0,0,0,0,0.0
10855,Catherine Field,0,0,0,0,0,0.0
10734,Cabarita,0,0,0,0,0,0.0
10598,Brookvale,0,0,0,0,0,0.0
10669,Bundeena,0,0,0,0,0,0.0
10679,Bungarribee,0,0,0,0,0,0.0
10702,Burraneer,0,0,0,0,0,0.0
10716,Burwood,0,0,0,0,0,0.0
10717,Burwood Heights,0,0,0,0,0,0.0
10718,Busby,0,0,0,0,0,0.0
10738,Cabramatta,0,0,0,0,0,0.0
10777,Cammeray,0,0,0,0,0,0.0
10739,Cabramatta West,0,0,0,0,0,0.0
10741,Caddens,0,0,0,0,0,0.0
10766,Cambridge Gardens,0,0,0,0,0,0.0
10767,Cambridge Park,0,0,0,0,0,0.0
10769,Camden,0,0,0,0,0,0.0
10772,Camden South,0,0,0,0,0,0.0
10773,Camellia,0,0,0,0,0,0.0
10851,Casula,0,0,0,0,0,0.0
10858,Cattai,0,0,0,0,0,0.0
10591,Bronte,0,0,0,0,0,0.0
11000,Concord West,0,0,0,0,0,0.0
10953,Cobbitty,0,0,0,0,0,0.0
10965,Colebee,0,0,0,0,0,0.0
10970,Collaroy,0,0,0,0,0,0.0
10971,Collaroy Plateau,0,0,0,0,0,0.0
10987,Colyton,0,0,0,0,0,0.0
10996,Como,0,0,0,0,0,0.0
10999,Concord,0,0,0,0,0,0.0
11001,Condell Park,0,0,0,0,0,0.0
10940,Clyde,0,0,0,0,0,0.0
11013,Connells Point,0,0,0,0,0,0.0
11014,Constitution Hill,0,0,0,0,0,0.0
11015,Coogee,0,0,0,0,0,0.0
11086,Cottage Point,0,0,0,0,0,0.0
11097,Cowan,0,0,0,0,0,0.0
11105,Cranebrook,0,0,0,0,0,0.0
11113,Cremorne,0,0,0,0,0,0.0
10945,Coasters Retreat,0,0,0,0,0,0.0
10937,Clovelly,0,0,0,0,0,0.0
10862,Cawdor,0,0,0,0,0,0.0
10900,Chifley,0,0,0,0,0,0.0
10864,Cecil Hills,0,0,0,0,0,0.0
10865,Cecil Park,0,0,0,0,0,0.0
10891,Chatswood,0,0,0,0,0,0.0
10892,Chatswood West,0,0,0,0,0,0.0
10895,Cheltenham,0,0,0,0,0,0.0
10897,Cherrybrook,0,0,0,0,0,0.0
10898,Chester Hill,0,0,0,0,0,0.0
10907,Chipping Norton,0,0,0,0,0,0.0
10934,Clontarf,0,0,0,0,0,0.0
10909,Chiswick,0,0,0,0,0,0.0
10913,Chullora,0,0,0,0,0,0.0
10914,Church Point,0,0,0,0,0,0.0
10917,Claremont Meadows,0,0,0,0,0,0.0
10922,Clareville,0,0,0,0,0,0.0
10923,Claymore,0,0,0,0,0,0.0
10927,Clemton Park,0,0,0,0,0,0.0
10596,Brooklyn,0,0,0,0,0,0.0
10572,Bringelly,0,0,0,0,0,0.0
11119,Cromer,0,0,0,0,0,0.0
10180,Banksmeadow,0,0,0,0,0,0.0
10133,Badgerys Creek,0,0,0,0,0,0.0
10154,Balgowlah,0,0,0,0,0,0.0
10155,Balgowlah Heights,0,0,0,0,0,0.0
10165,Balmain,0,0,0,0,0,0.0
10166,Balmain East,0,0,0,0,0,0.0
10178,Bangor,0,0,0,0,0,0.0
10179,Banksia,0,0,0,0,0,0.0
10181,Bankstown,0,0,0,0,0,0.0
10110,Austral,0,0,0,0,0,0.0
10182,Bankstown Aerodrome,0,0,0,0,0,0.0
10194,Barden Ridge,0,0,0,0,0,0.0
10195,Bardia,0,0,0,0,0,0.0
10196,Bardwell Park,0,0,0,0,0,0.0
10197,Bardwell Valley,0,0,0,0,0,0.0
10224,Bass Hill,0,0,0,0,0,0.0
10233,Baulkham Hills,0,0,0,0,0,0.0
10112,Avalon Beach,0,0,0,0,0,0.0
10107,Auburn,0,0,0,0,0,0.0
10238,Beacon Hill,0,0,0,0,0,0.0
10060,Angus,0,0,0,0,0,0.0
10014,Acacia Gardens,0,0,0,0,0,0.0
10021,Agnes Banks,0,0,0,0,0,0.0
10022,Airds,0,0,0,0,0,0.0
10031,Alfords Point,0,0,0,0,0,0.0
10036,Allambie Heights,0,0,0,0,0,0.0
10038,Allawah,0,0,0,0,0,0.0
10049,Ambarvale,0,0,0,0,0,0.0
10063,Annangrove,0,0,0,0,0,0.0
10104,Asquith,0,0,0,0,0,0.0
10073,Arcadia,0,0,0,0,0,0.0
10087,Arncliffe,0,0,0,0,0,0.0
10088,Arndell Park,0,0,0,0,0,0.0
10091,Artarmon,0,0,0,0,0,0.0
10094,Ashbury,0,0,0,0,0,0.0
10098,Ashcroft,0,0,0,0,0,0.0
10099,Ashfield,0,0,0,0,0,0.0
10237,Bayview,0,0,0,0,0,0.0
10243,Beaumont Hills,0,0,0,0,0,0.0
10566,Brighton-Le-Sands,0,0,0,0,0,0.0
10467,Bonnet Bay,0,0,0,0,0,0.0
10391,Blackett,0,0,0,0,0,0.0
10396,Blacktown,0,0,0,0,0,0.0
10399,Blair Athol,0,0,0,0,0,0.0
10400,Blairmount,0,0,0,0,0,0.0
10402,Blakehurst,0,0,0,0,0,0.0
10463,Bondi Beach,0,0,0,0,0,0.0
10465,Bondi Junction,0,0,0,0,0,0.0
10469,Bonnyrigg,0,0,0,0,0,0.0
10373,Birchgrove,0,0,0,0,0,0.0
10470,Bonnyrigg Heights,0,0,0,0,0,0.0
10513,Bossley Park,0,0,0,0,0,0.0
10515,Botany,0,0,0,0,0,0.0
10524,Bow Bowing,0,0,0,0,0,0.0
10537,Box Hill,0,0,0,0,0,0.0
10540,Bradbury,0,0,0,0,0,0.0
10554,Breakfast Point,0,0,0,0,0,0.0
10378,Birrong,0,0,0,0,0,0.0
10350,Bilgola Plateau,0,0,0,0,0,0.0
10249,Beecroft,0,0,0,0,0,0.0
10308,Berowra,0,0,0,0,0,0.0
10257,Belfield,0,0,0,0,0,0.0
10263,Bella Vista,0,0,0,0,0,0.0
10271,Bellevue Hill,0,0,0,0,0,0.0
10279,Belmore,0,0,0,0,0,0.0
10283,Belrose,0,0,0,0,0,0.0
10299,Berala,0,0,0,0,0,0.0
10305,Berkshire Park,0,0,0,0,0,0.0
10309,Berowra Heights,0,0,0,0,0,0.0
10349,Bilgola Beach,0,0,0,0,0,0.0
10310,Berowra Waters,0,0,0,0,0,0.0
10318,Berrilee,0,0,0,0,0,0.0
10329,Beverley Park,0,0,0,0,0,0.0
10330,Beverly Hills,0,0,0,0,0,0.0
10333,Bexley,0,0,0,0,0,0.0
10334,Bexley North,0,0,0,0,0,0.0
10339,Bidwill,0,0,0,0,0,0.0
11114,Cremorne Point,0,0,0,0,0,0.0
11120,Cronulla,0,0,0,0,0,0.0
12238,La Perouse,0,0,0,0,0,0.0
11918,Hillsdale,0,0,0,0,0,0.0
11866,Harrington Park,0,0,0,0,0,0.0
11867,Harris Park,0,0,0,0,0,0.0
11873,Hassall Grove,0,0,0,0,0,0.0
11890,Heathcote,0,0,0,0,0,0.0
11893,Hebersham,0,0,0,0,0,0.0
11894,Heckenberg,0,0,0,0,0,0.0
11898,Henley,0,0,0,0,0,0.0
11922,Hinchinbrook,0,0,0,0,0,0.0
11835,Haberfield,0,0,0,0,0,0.0
11932,Holroyd,0,0,0,0,0,0.0
11933,Holsworthy,0,0,0,0,0,0.0
11936,Homebush,0,0,0,0,0,0.0
11937,Homebush West,0,0,0,0,0,0.0
11942,Horningsea Park,0,0,0,0,0,0.0
11943,Hornsby,0,0,0,0,0,0.0
11944,Hornsby Heights,0,0,0,0,0,0.0
11851,Hammondville,0,0,0,0,0,0.0
11834,Gymea Bay,0,0,0,0,0,0.0
11958,Hoxton Park,0,0,0,0,0,0.0
11763,Greenacre,0,0,0,0,0,0.0
11724,Gordon,0,0,0,0,0,0.0
11743,Grantham Farm,0,0,0,0,0,0.0
11745,Granville,0,0,0,0,0,0.0
11746,Grasmere,0,0,0,0,0,0.0
11750,Grays Point,0,0,0,0,0,0.0
11751,Great Mackerel Beach,0,0,0,0,0,0.0
11762,Green Valley,0,0,0,0,0,0.0
11765,Greendale,0,0,0,0,0,0.0
11833,Gymea,0,0,0,0,0,0.0
11767,Greenfield Park,0,0,0,0,0,0.0
11770,Greenhills Beach,0,0,0,0,0,0.0
11776,Greenwich,0,0,0,0,0,0.0
11780,Gregory Hills,0,0,0,0,0,0.0
11787,Greystanes,0,0,0,0,0,0.0
11796,Guildford,0,0,0,0,0,0.0
11797,Guildford West,0,0,0,0,0,0.0
11950,Horsley Park,0,0,0,0,0,0.0
11961,Hunters Hill,0,0,0,0,0,0.0
11677,Glenorie,0,0,0,0,0,0.0
12180,Kirkham,0,0,0,0,0,0.0
12137,Killara,0,0,0,0,0,0.0
12138,Killarney Heights,0,0,0,0,0,0.0
12157,Kings Langley,0,0,0,0,0,0.0
12158,Kings Park,0,0,0,0,0,0.0
12164,Kingsford,0,0,0,0,0,0.0
12166,Kingsgrove,0,0,0,0,0,0.0
12171,Kingswood,0,0,0,0,0,0.0
12181,Kirrawee,0,0,0,0,0,0.0
12108,Kenthurst,0,0,0,0,0,0.0
12190,Kogarah,0,0,0,0,0,0.0
12191,Kogarah Bay,0,0,0,0,0,0.0
12213,Ku-Ring-Gai Chase,0,0,0,0,0,0.0
12224,Kurnell,0,0,0,0,0,0.0
12225,Kurraba Point,0,0,0,0,0,0.0
12234,Kyeemagh,0,0,0,0,0,0.0
12235,Kyle Bay,0,0,0,0,0,0.0
12109,Kentlyn,0,0,0,0,0,0.0
12107,Kensington,0,0,0,0,0,0.0
11964,Huntingwood,0,0,0,0,0,0.0
11988,Ingleside,0,0,0,0,0,0.0
11967,Huntleys Cove,0,0,0,0,0,0.0
11968,Huntleys Point,0,0,0,0,0,0.0
11970,Hurlstone Park,0,0,0,0,0,0.0
11971,Hurstville,0,0,0,0,0,0.0
11972,Hurstville Grove,0,0,0,0,0,0.0
11982,Illawong,0,0,0,0,0,0.0
11987,Ingleburn,0,0,0,0,0,0.0
12009,Jamisontown,0,0,0,0,0,0.0
12102,Kemps Creek,0,0,0,0,0,0.0
12010,Jannali,0,0,0,0,0,0.0
12050,Jordan Springs,0,0,0,0,0,0.0
12068,Kangaroo Point,0,0,0,0,0,0.0
12081,Kareela,0,0,0,0,0,0.0
12087,Kearns,0,0,0,0,0,0.0
12096,Kellyville,0,0,0,0,0,0.0
12097,Kellyville Ridge,0,0,0,0,0,0.0
11686,Glenwood,0,0,0,0,0,0.0
11674,Glenmore Park,0,0,0,0,0,0.0
11132,Crows Nest,0,0,0,0,0,0.0
11346,Earlwood,0,0,0,0,0,0.0
11296,Drummoyne,0,0,0,0,0,0.0
11304,Duffys Forest,0,0,0,0,0,0.0
11306,Dulwich Hill,0,0,0,0,0,0.0
11315,Dundas,0,0,0,0,0,0.0
11316,Dundas Valley,0,0,0,0,0,0.0
11331,Dural,0,0,0,0,0,0.0
11344,Eagle Vale,0,0,0,0,0,0.0
11354,East Hills,0,0,0,0,0,0.0
11283,Double Bay,0,0,0,0,0,0.0
11358,East Killara,0,0,0,0,0,0.0
11360,East Lindfield,0,0,0,0,0,0.0
11364,East Ryde,0,0,0,0,0,0.0
11369,Eastern Creek,0,0,0,0,0,0.0
11370,Eastgardens,0,0,0,0,0,0.0
11371,Eastlakes,0,0,0,0,0,0.0
11372,Eastwood,0,0,0,0,0,0.0
11286,Dover Heights,0,0,0,0,0,0.0
11277,Doonside,0,0,0,0,0,0.0
11382,Edgecliff,0,0,0,0,0,0.0
11221,Davidson,0,0,0,0,0,0.0
11135,Croydon,0,0,0,0,0,0.0
11136,Croydon Park,0,0,0,0,0,0.0
11168,Curl Curl,0,0,0,0,0,0.0
11176,Currans Hill,0,0,0,0,0,0.0
11186,Daceyville,0,0,0,0,0,0.0
11200,Dangar Island,0,0,0,0,0,0.0
11212,Darling Point,0,0,0,0,0,0.0
11226,Dean Park,0,0,0,0,0,0.0
11269,Dolls Point,0,0,0,0,0,0.0
11229,Dee Why,0,0,0,0,0,0.0
11237,Denham Court,0,0,0,0,0,0.0
11240,Denistone,0,0,0,0,0,0.0
11241,Denistone East,0,0,0,0,0,0.0
11242,Denistone West,0,0,0,0,0,0.0
11250,Dharruk,0,0,0,0,0,0.0
11268,Dolans Bay,0,0,0,0,0,0.0
11380,Edensor Park,0,0,0,0,0,0.0
11386,Edmondson Park,0,0,0,0,0,0.0
11671,Glenhaven,0,0,0,0,0,0.0
11586,Galston,0,0,0,0,0,0.0
11516,Fiddletown,0,0,0,0,0,0.0
11533,Five Dock,0,0,0,0,0,0.0
11545,Forest Glen,0,0,0,0,0,0.0
11551,Forestville,0,0,0,0,0,0.0
11571,Frenchs Forest,0,0,0,0,0,0.0
11572,Freshwater,0,0,0,0,0,0.0
11580,Gables,0,0,0,0,0,0.0
11605,Georges Hall,0,0,0,0,0,0.0
11483,Fairfield West,0,0,0,0,0,0.0
11621,Gilead,0,0,0,0,0,0.0
11640,Girraween,0,0,0,0,0,0.0
11642,Gladesville,0,0,0,0,0,0.0
11646,Gledswood Hills,0,0,0,0,0,0.0
11649,Glen Alpine,0,0,0,0,0,0.0
11663,Glendenning,0,0,0,0,0,0.0
11668,Glenfield,0,0,0,0,0,0.0
11485,Fairlight,0,0,0,0,0,0.0
11482,Fairfield Heights,0,0,0,0,0,0.0
11392,Elanora Heights,0,0,0,0,0,0.0
11424,Enfield,0,0,0,0,0,0.0
11394,Elderslie,0,0,0,0,0,0.0
11400,Elizabeth Hills,0,0,0,0,0,0.0
11408,Ellis Lane,0,0,0,0,0,0.0
11413,Elvina Bay,0,0,0,0,0,0.0
11416,Emerton,0,0,0,0,0,0.0
11420,Emu Heights,0,0,0,0,0,0.0
11421,Emu Plains,0,0,0,0,0,0.0
11425,Engadine,0,0,0,0,0,0.0
11481,Fairfield East,0,0,0,0,0,0.0
11426,Englorie Park,0,0,0,0,0,0.0
11428,Enmore,0,0,0,0,0,0.0
11431,Epping,0,0,0,0,0,0.0
11438,Ermington,0,0,0,0,0,0.0
11441,Erskine Park,0,0,0,0,0,0.0
11444,Eschol Park,0,0,0,0,0,0.0
11480,Fairfield,0,0,0,0,0,0.0
12182,Kirribilli,0,0,0,0,0,0.0
